Jelani Roy;41282626631;PF;1194985530;50.00
Dana Mendoza;26673788643;PF;-1073421500;50.00
Dante Gibson;16846369443;PF;-2033121167;50.00
Yuli Shannon;33578172376;PF;-456490103;50.00
Honorato Kirkland;84743496887;PF;-288424985;50.00
Gemma Meyer;32836462755;PF;-1932262341;50.00
Rebecca Rich;85359261732;PF;136638895;50.00
Brenna Barrett;68435824496;PF;-1857198630;50.00
Charissa Morrow;66834576697;PF;-718226183;50.00
Jana Goff;42536284185;PF;1933208717;50.00
Naida Chen;65815512283;PF;1352115841;50.00
Cullen Gay;99874626571;PF;-853043074;50.00
Selma Mays;75966249895;PF;1122643716;50.00
Delilah Morgan;56436457278;PF;-2051477012;50.00
Quinlan Snider;27435424561;PF;-1504230326;50.00
Amery Wolf;72458656574;PF;171422327;50.00
Neve Workman;96973526184;PF;1428026375;50.00
Melinda Gay;38227888711;PF;1099551376;50.00
Heidi Byrd;22562631278;PF;-345981447;50.00
Clementine Mcclain;82382846893;PF;1062607289;50.00
Alfonso Bernard;25472123721;PF;-582075148;50.00
Quintessa Jensen;84284356179;PF;-399331187;50.00
Jaden Pruitt;38643325955;PF;-948190574;50.00
Alfonso Waller;38358685475;PF;2079148165;50.00
Aidan Noel;36815123171;PF;1988921711;50.00
Demetria Mitchell;84369787216;PF;-1594639833;50.00
Nathan Whitehead;57583477717;PF;-2127239296;50.00
Cecilia Wiggins;56382299665;PF;-1319656196;50.00
Ciara Atkinson;42555657552;PF;-2130201833;50.00
Raymond Kane;74737857844;PF;2044434726;50.00
Olga Boyd;44478279118;PF;-538145114;50.00
Jael Moore;42954375888;PF;774205001;50.00
Chava Woodard;18385314333;PF;1980390690;50.00
Jacob Crane;48837714184;PF;925097780;50.00
Cheryl Cole;26822766817;PF;-652901113;50.00
Lois Townsend;56967268454;PF;-760822963;50.00
Blake Burnett;87755448559;PF;631547443;50.00
Vivian Sanders;62766823732;PF;-594100458;50.00
Yen Ortiz;63587424215;PF;819907393;50.00
Gil Mccray;32511252397;PF;1483643639;50.00
Alexa Elliott;23975456163;PF;-1073122743;50.00
Kenyon Mack;13965567563;PF;-1036675879;50.00
Abigail Hopper;84258132928;PF;1002139395;50.00
Demetria Vargas;43562897246;PF;-1969370732;50.00
Dillon Hays;65138347276;PF;-960256478;50.00
Neville Allison;55584623961;PF;-2073427824;50.00
Hayfa Nelson;68774933898;PF;625265482;50.00
Branden Davidson;36243282449;PF;1400419975;50.00
Delilah Caldwell;76932265227;PF;1787816614;50.00
Shafira Downs;85855623576;PF;-790446505;50.00
Brady Barnes;75743721978;PF;2131219354;50.00
Oren Shields;51778323965;PF;733463543;50.00
Brett Mccoy;68338454592;PF;-1771558773;50.00
Nichole Hinton;16981835237;PF;732385550;50.00
Aretha Kinney;42743525482;PF;-2133494692;50.00
Elijah Soto;59871374582;PF;-28625124;50.00
Mariam Mayo;23623288557;PF;-2135279240;50.00
Sopoline Jordan;29378473794;PF;264932569;50.00
Abraham Owens;84385663485;PF;-363360255;50.00
Benjamin Garner;27491553768;PF;-641819139;50.00
Quail Rodriquez;53572577958;PF;-1175234959;50.00
Ulysses Dorsey;73764226457;PF;-695481057;50.00
Hendrerit Neque Foundation;49762231825000;PJ;986166213;50.00
Curabitur Sed Tortor Consulting;71844336234000;PJ;478327708;50.00
Elit Foundation;48888689687000;PJ;600485751;50.00
Orci Quis Lectus Inc.;58882218444000;PJ;976478530;50.00
Nam Porttitor Scelerisque LLC;14542481238000;PJ;-38935514;50.00
Egestas A Scelerisque LLC;25678535974000;PJ;-1971196466;50.00
Nec Tempus Associates;41277668357000;PJ;-2108039088;50.00
Commodo Hendrerit Donec Foundation;72928258468000;PJ;-49625892;50.00
Vitae Semper Incorporated;83222321884000;PJ;1367595667;50.00
Vivamus Rhoncus Limited;25571296584000;PJ;1008391243;50.00
Tempor Lorem Limited;31559883568000;PJ;-31353973;50.00
Tempus Non Lacinia Associates;24889282569000;PJ;-1003046340;50.00
Mattis Cras Eget Ltd;35447236378000;PJ;1205554584;50.00
Et LLP;22956396637000;PJ;316835994;50.00
Sodales At Limited;63845818758000;PJ;-2046291398;50.00
Cum Sociis Inc.;57278254928000;PJ;1774014312;50.00
Dui Augue Eu Foundation;22232466637000;PJ;-380544280;50.00
Interdum Curabitur Dictum Inc.;58497283264000;PJ;1723937006;50.00
Ullamcorper Velit In Industries;39211723912000;PJ;-2130247399;50.00
Blandit Institute;16253396762000;PJ;-209113297;50.00
Quisque Imperdiet Company;54454384367000;PJ;-381701110;50.00
Sed Dolor Fusce Incorporated;98669656584000;PJ;-1328892381;50.00
Auctor Velit Associates;18796652516000;PJ;-2000506561;50.00
Eget Foundation;37135274744000;PJ;-722161179;50.00
Mi Felis Corporation;61748448624000;PJ;-53512820;50.00
Tellus Sem Mollis Foundation;57853426237000;PJ;-890169100;50.00
Vitae LLP;37377764286000;PJ;-1764036564;50.00
A Purus Limited;92524477364000;PJ;264449873;50.00
Cursus Foundation;43699348312000;PJ;1034348247;50.00
Eget Limited;38527639742000;PJ;-1513856555;50.00
Suspendisse Non Leo Ltd;29538522568000;PJ;-1258377640;50.00
Elit Consulting;66258638498000;PJ;720722388;50.00
Donec Elementum Corp.;39435842947000;PJ;363088916;50.00
Arcu Sed Associates;34955415647000;PJ;1194543976;50.00
Mattis Consulting;34472378877000;PJ;-1897988546;50.00
Felis Associates;37748688435000;PJ;-524325901;50.00
Integer Mollis Integer Ltd;31985798497000;PJ;-1373270002;50.00
Non Corp.;47665765255000;PJ;764976982;50.00
Malesuada Augue Ut Consulting;63188655693000;PJ;839301817;50.00
In Hendrerit Corporation;74644824424000;PJ;654184107;50.00
Bibendum Donec Corp.;63782321832000;PJ;-220210912;50.00
Nunc Institute;37638245335000;PJ;-1674345591;50.00
Accumsan Convallis Ante Foundation;95558811282000;PJ;-290416470;50.00
Eu Sem LLC;72434536854000;PJ;1788609910;50.00
Tristique Neque Limited;61883774839000;PJ;1444348494;50.00
Dis Industries;63954624847000;PJ;-1753863008;50.00
Sit Amet LLC;55879645994000;PJ;2126755414;50.00
Nec Euismod Inc.;64122954542000;PJ;-15505589;50.00
Nullam Lobortis Quam Institute;84317681112000;PJ;-1904983671;50.00
Nunc Industries;59856545247000;PJ;-1500814341;50.00
Adipiscing Elit Aliquam Incorporated;26832614197000;PJ;-645725705;50.00
Cursus Foundation;33265483377000;PJ;-1730192019;50.00
Gravida Non Sollicitudin Institute;44985583268000;PJ;-437975302;50.00
Magna LLP;33355546853000;PJ;-1173888610;50.00
Iaculis Odio Associates;75671489439000;PJ;-2054466736;50.00
Amet Consectetuer Consulting;38522322547000;PJ;1913547759;50.00
Augue Scelerisque Corp.;89372486846000;PJ;-410133656;50.00
Elit Dictum Ltd;81819598821000;PJ;-1556613057;50.00
Rhoncus Proin Corp.;65252797459000;PJ;-146304769;50.00
Quis Pede Institute;46312988779000;PJ;1322270487;50.00
Orci Lacus Vestibulum Limited;97121227768000;PJ;-1162680144;50.00
Consectetuer Adipiscing Incorporated;98334937299000;PJ;1920313777;50.00
Tincidunt Orci Quis Institute;64257866879000;PJ;1219422379;50.00
Feugiat Tellus Lorem Institute;22236441276000;PJ;-908589159;50.00
Aliquam Rutrum PC;56277864686000;PJ;-1498187256;50.00
Velit Egestas Consulting;87754267186000;PJ;-1649500249;50.00
Ligula Foundation;77267324844000;PJ;860649975;50.00
Mus Proin Vel Limited;55648356427000;PJ;-1378189994;50.00
Maecenas Associates;33721683622000;PJ;-1715876864;50.00
Est Vitae Sodales Inc.;47793572184000;PJ;-611761223;50.00
Purus LLP;25285733635000;PJ;1553230219;50.00
Nullam Scelerisque LLC;38159662974000;PJ;-356731353;50.00
Tincidunt Nunc Ac Foundation;82759585446000;PJ;1946952184;50.00
Arcu LLP;33817733875000;PJ;1816335427;50.00
Consequat Purus Limited;82744846143000;PJ;-1813832280;50.00
Sed Dictum Eleifend Ltd;84477248288000;PJ;1052905325;50.00
Dui Nec Urna PC;77767979323000;PJ;593876484;50.00
Mauris Corp.;92596221236000;PJ;2070862749;50.00
Purus Duis Institute;28634414183000;PJ;60471739;50.00
Mauris Vel Ltd;89366473239000;PJ;1289565798;50.00
Nunc Sed Industries;41647822238000;PJ;1930768363;50.00
Tincidunt Pede Ac Company;93545347882000;PJ;1326068566;50.00
Nullam Suscipit Est PC;74267478743000;PJ;-532423193;50.00
Nec Mollis Vitae Incorporated;49754857129000;PJ;-1087380872;50.00
Lectus Ante Dictum Industries;22889719465000;PJ;-243135616;50.00
Cursus Diam Inc.;23116477774000;PJ;730914931;50.00
Mus LLC;78152648258000;PJ;-58411143;50.00
Et Corporation;55795633428000;PJ;364632908;50.00
Feugiat Sed Foundation;44646188646000;PJ;1835016726;50.00
Urna Vivamus Molestie Limited;89695775287000;PJ;-1866726609;50.00
At Augue Institute;57684214268000;PJ;1030437161;50.00
Tellus Suspendisse Consulting;65572238857000;PJ;1530444713;50.00
Dolor Quisque PC;17621624153000;PJ;-1373784230;50.00
Risus Limited;74825796159000;PJ;-1027262419;50.00
Et Malesuada Industries;69778235355000;PJ;-1155858249;50.00
Bibendum Sed Foundation;67365142627000;PJ;-1012575666;50.00
Auctor Mauris Vel Corp.;27744763278000;PJ;727748597;50.00
Elit Pharetra Ut Institute;22546854485000;PJ;-128719979;50.00
Non Vestibulum Corporation;29848559853000;PJ;302021194;50.00
Nulla Cras Eu Associates;45933575884000;PJ;-535780476;50.00
